{"fixes": [{"location": "METHOD", "class": "org.springframework.boot.context.properties.ConfigurationPropertiesBindingPostProcessor", "method": "afterPropertiesSet()", "param": "", "index": "null", "uri": "file:///home/nima/Developer/AutoFixer/Evaluation/Projects/spring-boot/spring-boot-project/spring-boot/src/main/java/org/springframework/boot/context/properties/ConfigurationPropertiesBindingPostProcessor.java", "field": "registry", "score": 2, "inject": true, "annotation": "org.springframework.boot.Initializer", "reason": "Initializer"}, {"location": "METHOD", "class": "org.springframework.boot.context.logging.LoggingApplicationListener", "method": "initialize(org.springframework.core.env.ConfigurableEnvironment,java.lang.ClassLoader)", "param": "", "index": "null", "uri": "file:///home/nima/Developer/AutoFixer/Evaluation/Projects/spring-boot/spring-boot-project/spring-boot/src/main/java/org/springframework/boot/context/logging/LoggingApplicationListener.java", "field": "logFile", "score": 2, "inject": true, "annotation": "org.springframework.boot.Initializer", "reason": "Initializer"}]}